Qingfu_Zhang_0001	Qingfu_Zhang_0001
Kin-Man_Lam_0001	Kin-Man_Lam_0001
Yang_Xu_0010	Yang_Xu_0010
Wenyu_Liu_0001	Wenyu_Liu_0001
Kun_Wang_0005	Kun_Wang_0005
Jie_Li_0001	Jie_Li_0001
Lin_Ma_0002	Lin_Ma_0002
Xiao_Wu_0001	Xiao_Wu_0001
Guang_Hua_0001	Guang_Hua_0001
Jinho_Choi_0001	Jinho_Choi_0001
Limin_Wang_0002	Limin_Wang_0002
Beibei_Wang_0001	Beibei_Wang_0001
Jun_Liu_0002	Jun_Liu_0002
Ke_Zhang_0008	Ke_Zhang_0008
Yao_Sun_0002	Yao_Sun_0002
Jianhua_Li_0001	Jianhua_Li_0001
Ye_Yu_0001	Ye_Yu_0001
Ding_Wang_0001	Ding_Wang_0001
Wenjun_Zhang_0001	Wenjun_Zhang_0001
Yonghong_Tian_0001	Yonghong_Tian_0001
Sheng_Zhang_0001	Sheng_Zhang_0001
Yao_Liu_0001	Yao_Liu_0001
Yong_Liang_Guan_0001	Yong_Liang_Guan_0001
Yunjie_Liu_0001	Yunjie_Liu_0001
Wei_Wang_0115	Wei_Wang_0115
Tianrui_Li_0001	Tianrui_Li_0001
Dan_Wang_0002	Dan_Wang_0002
Chaoli_Wang_0001	Chaoli_Wang_0001
Jie_Cao_0001	Jie_Cao_0001
Zheng_Yang_0003	Zheng_Yang_0003
Chen_Xu_0004	Chen_Xu_0004
Kenli_Li_0001	Kenli_Li_0001
Zhigang_Chen_0001	Zhigang_Chen_0001
Bing_Wang_0003	Bing_Wang_0003
Feng_Wang_0018	Feng_Wang_0018
Wei_Ni_0001	Wei_Ni_0001
Ning_Ge_0001	Ning_Ge_0001
Jun_Fang_0001	Jun_Fang_0001
Fei_Wu_0001	Fei_Wu_0001
Weifeng_Liu_0001	Weifeng_Liu_0001
Lei_Zhang_0006	Lei_Zhang_0006
Wen_Gao_0001	Wen_Gao_0001
Jie_Chen_0003	Jie_Chen_0003
Tao_Jiang_0002	Tao_Jiang_0002
Shi-Min_Hu_0001	Shi-Min_Hu_0001
Huaxiang_Zhang_0001	Huaxiang_Zhang_0001
Hui_Yu_0001	Hui_Yu_0001
Zhiyong_Feng_0001	Zhiyong_Feng_0001
Hao_Zhang_0002	Hao_Zhang_0002
Zhi_Wang_0001	Zhi_Wang_0001
Yu_Kang_0001	Yu_Kang_0001
Lixiang_Li_0001	Lixiang_Li_0001
Fan_Zhu_0001	Fan_Zhu_0001
Ping_Wang_0001	Ping_Wang_0001
Chen_Chen_0002	Chen_Chen_0002
Tao_Huang_0005	Tao_Huang_0005
Jia_Liu_0001	Jia_Liu_0001
Zhenhua_Li_0001	Zhenhua_Li_0001
Ke_Li_0001	Ke_Li_0001
Han_Hu_0003	Han_Hu_0003
Bin_Xiao_0002	Bin_Xiao_0002
Siming_Chen_0001	Siming_Chen_0001
Ran_Tao_0003	Ran_Tao_0003
Jun_Zhu_0001	Jun_Zhu_0001
Yunfei_Chen_0001	Yunfei_Chen_0001
Yao_Yao_0009	Yao_Yao_0009
Zhu_Li_0001	Zhu_Li_0001
Jia_Liu_0008	Jia_Liu_0008
Lei_Yang_0027	Lei_Yang_0027
Yu_Gu_0003	Yu_Gu_0003
Muhammad_Alam_0002	Muhammad_Alam_0002
Hong_Gao_0001	Hong_Gao_0001
Xu_Chen_0004	Xu_Chen_0004
K._C._Ho_0001	K._C._Ho_0001
Yuhua_Xu_0001	Yuhua_Xu_0001
Kang_An_0001	Kang_An_0001
Bin_Deng_0001	Bin_Deng_0001
Zhou_Wang_0001	Zhou_Wang_0001
Wenjuan_Li_0001	Wenjuan_Li_0001
Hailin_Zhang_0001	Hailin_Zhang_0001
Muhammad_Ali_Imran_0001	Muhammad_Ali_Imran_0001
Bo_Du_0001	Bo_Du_0001
Lu_Liu_0002	Lu_Liu_0002
Wei_Zhang_0001	Wei_Zhang_0001
Sheng_Chen_0001	Sheng_Chen_0001
Jiming_Liu_0001	Jiming_Liu_0001
Haoran_Xie_0001	Haoran_Xie_0001
Chang_Xu_0002	Chang_Xu_0002
Jianmin_Wang_0001	Jianmin_Wang_0001
Shiqiang_Wang_0001	Shiqiang_Wang_0001
Wei_Shen_0002	Wei_Shen_0002
Shaowei_Wang_0003	Shaowei_Wang_0003
Bo_Bai_0001	Bo_Bai_0001
Song_Guo_0001	Song_Guo_0001
Zhang_Yi_0001	Zhang_Yi_0001
Kai_Chen_0005	Kai_Chen_0005
Lan_Zhang_0002	Lan_Zhang_0002
Yunhe_Wang_0001	Yunhe_Wang_0001
Yang_Liu_0038	Yang_Liu_0038
Hao_Zhou_0001	Hao_Zhou_0001
Liuqing_Yang_0001	Liuqing_Yang_0001
Di_Yuan_0001	Di_Yuan_0001
Dong_Yu_0001	Dong_Yu_0001
Li_Liu_0002	Li_Liu_0002
Shuai_Liu_0002	Shuai_Liu_0002
Jiaqi_Yang_0002	Jiaqi_Yang_0002
Qing_Li_0001	Qing_Li_0001
Ruchuan_Wang_0001	Ruchuan_Wang_0001
Ting_Liu_0001	Ting_Liu_0001
Mo_Li_0001	Mo_Li_0001
Yudong_Zhang_0001	Yudong_Zhang_0001
Qiang_Ye_0002	Qiang_Ye_0002
Xin_Wang_0001	Xin_Wang_0001
Bing_Xue_0001	Bing_Xue_0001
Yang_Yang_0001	Yang_Yang_0001
Jun_Zhou_0001	Jun_Zhou_0001
Jian_Cheng_0001	Jian_Cheng_0001
Hongyi_Li_0001	Hongyi_Li_0001
Yi_Mei_0001	Yi_Mei_0001
Jun_Cheng_0002	Jun_Cheng_0002
Bin_Luo_0001	Bin_Luo_0001
Hui_Gao_0001	Hui_Gao_0001
Feng_Xia_0001	Feng_Xia_0001
Jinyu_Li_0001	Jinyu_Li_0001
Yonghui_Li_0001	Yonghui_Li_0001
Ping_Li_0016	Ping_Li_0016
Shenghui_Song_0001	Shenghui_Song_0001
Liping_Qian_0001	Liping_Qian_0001
Dan_Zhang_0001	Dan_Zhang_0001
Tie_Qiu_0001	Tie_Qiu_0001
Hanqi_Guo_0001	Hanqi_Guo_0001
Xiaoyan_Wang_0003	Xiaoyan_Wang_0003
Xindong_Wu_0001	Xindong_Wu_0001
Zi_Long_Liu_0001	Zi_Long_Liu_0001
Fan_Ye_0003	Fan_Ye_0003
Jing_Zhang_0023	Jing_Zhang_0023
Gang_Feng_0004	Gang_Feng_0004
Jian_Yang_0003	Jian_Yang_0003
Qing_Li_0006	Qing_Li_0006
Kun_Zhou_0001	Kun_Zhou_0001
Ming-Hsuan_Yang_0001	Ming-Hsuan_Yang_0001
Xu_Wang_0018	Xu_Wang_0018
Chao_Dong_0001	Chao_Dong_0001
Mithun_Mukherjee_0001	Mithun_Mukherjee_0001
Hao_Li_0011	Hao_Li_0011
Yu_Qiao_0001	Yu_Qiao_0001
Jian_Song_0004	Jian_Song_0004
Feng_Wu_0001	Feng_Wu_0001
Yan_Song_0001	Yan_Song_0001
Jun_Li_0004	Jun_Li_0004
Peng_Liu_0008	Peng_Liu_0008
Xian-Sheng_Hua_0001	Xian-Sheng_Hua_0001
Tong_Yang_0003	Tong_Yang_0003
Liang_He_0003	Liang_He_0003
Jing_Liu_0006	Jing_Liu_0006
Nannan_Li_0001	Nannan_Li_0001
Fanghui_Liu_0001	Fanghui_Liu_0001
Guodong_Zhao_0001	Guodong_Zhao_0001
Li_Li_0040	Li_Li_0040
Zhiwen_Yu_0001	Zhiwen_Yu_0001
Jun_Zhang_0003	Jun_Zhang_0003
Wei_Zhao_0008	Wei_Zhao_0008
Xi_Li_0001	Xi_Li_0001
Wei_Wei_0006	Wei_Wei_0006
Wei_Wang_0021	Wei_Wang_0021
Shengling_Wang_0001	Shengling_Wang_0001
Feng_Li_0008	Feng_Li_0008
Yuan_Yuan_0001	Yuan_Yuan_0001
Liang_Zhang_0010	Liang_Zhang_0010
Fei_Hu_0001	Fei_Hu_0001
Guoyin_Wang_0001	Guoyin_Wang_0001
Xinyu_Li_0001	Xinyu_Li_0001
Bin_Guo_0001	Bin_Guo_0001
Minghua_Chen_0001	Minghua_Chen_0001
Wensheng_Zhang_0002	Wensheng_Zhang_0002
Bo_Sun_0006	Bo_Sun_0006
Jun_Li_0027	Jun_Li_0027
Feng_Qian_0001	Feng_Qian_0001
Li_Yu_0001	Li_Yu_0001
Bo_Cheng_0001	Bo_Cheng_0001
Min_Wu_0002	Min_Wu_0002
Yu_Gu_0001	Yu_Gu_0001
Dan_Zeng_0001	Dan_Zeng_0001
Zhixin_Liu_0001	Zhixin_Liu_0001
Yong_Li_0008	Yong_Li_0008
Xudong_Zhao_0001	Xudong_Zhao_0001
Ke_Xiong_0001	Ke_Xiong_0001
Xi_Peng_0001	Xi_Peng_0001
Lei_Zhu_0002	Lei_Zhu_0002
Dan_Xu_0002	Dan_Xu_0002
Yifan_Gong_0001	Yifan_Gong_0001
Meng_Zheng_0001	Meng_Zheng_0001
Chao_Chen_0004	Chao_Chen_0004
Bin_Xiao_0001	Bin_Xiao_0001
Yong_Ren_0001	Yong_Ren_0001
Qing_Yang_0003	Qing_Yang_0003
Rongqing_Zhang_0001	Rongqing_Zhang_0001
Baochang_Zhang_0001	Baochang_Zhang_0001
Xiaofeng_Liao_0001	Xiaofeng_Liao_0001
Sheng_Li_0001	Sheng_Li_0001
Wei_Chen_0001	Wei_Chen_0001
Fuchun_Sun_0001	Fuchun_Sun_0001
Jun_Wang_0002	Jun_Wang_0002
Shu_Li_0004	Shu_Li_0004
Liming_Chen_0002	Liming_Chen_0002
Yuan_Xie_0006	Yuan_Xie_0006
Fei_Wang_0056	Fei_Wang_0056
Jin_Li_0002	Jin_Li_0002
Lei_Zhang_0038	Lei_Zhang_0038
Hong-yu_Zhang_0001	Hong-yu_Zhang_0001
Lei_Zhang_0054	Lei_Zhang_0054
Jun_Zhang_0004	Jun_Zhang_0004
Meng_Wang_0001	Meng_Wang_0001
Dongsheng_Li_0001	Dongsheng_Li_0001
Jiao_Zhang_0002	Jiao_Zhang_0002
Jie_Xu_0002	Jie_Xu_0002
Cheng_Li_0004	Cheng_Li_0004
Chao_Ma_0004	Chao_Ma_0004
Kai_Wang_0001	Kai_Wang_0001
Shuai_Han_0002	Shuai_Han_0002
Z._Jane_Wang_0001	Z._Jane_Wang_0001
Cong_Zhang_0002	Cong_Zhang_0002
Li_Liu_0001	Li_Liu_0001
Lei_Zhang_0005	Lei_Zhang_0005
Dong_Liu_0002	Dong_Liu_0002
Jianzhong_Zhang_0002	Jianzhong_Zhang_0002
Yang_Zhao_0002	Yang_Zhao_0002
Yan_Yan_0001	Yan_Yan_0001
Yong_He_0003	Yong_He_0003
Jing_Qin_0001	Jing_Qin_0001
Xiang-Yang_Li_0001	Xiang-Yang_Li_0001
Bin_Sheng_0001	Bin_Sheng_0001
Jinsong_Wu_0001	Jinsong_Wu_0001
Mao_Yang_0001	Mao_Yang_0001
Jianwei_Niu_0002	Jianwei_Niu_0002
Xinpeng_Zhang_0001	Xinpeng_Zhang_0001
Chen_Song_0001	Chen_Song_0001
Rui_Wang_0026	Rui_Wang_0026
Jie_Xiong_0001	Jie_Xiong_0001
Cheng_Tao_0001	Cheng_Tao_0001
Kai_Xu_0004	Kai_Xu_0004
Yang_Yang_0002	Yang_Yang_0002
Ping_Luo_0002	Ping_Luo_0002
Lingjia_Liu_0001	Lingjia_Liu_0001
Lei_Yang_0025	Lei_Yang_0025
Lin_Cai_0001	Lin_Cai_0001
Gang_Wang_0012	Gang_Wang_0012
Bin_Jiang_0001	Bin_Jiang_0001
Liang_Sun_0007	Liang_Sun_0007
Jing_Han_0010	Jing_Han_0010
Weixiao_Meng_0001	Weixiao_Meng_0001
Qian_Liu_0001	Qian_Liu_0001
Zhaoyang_Zhang_0001	Zhaoyang_Zhang_0001
Yang_Song_0001	Yang_Song_0001
Yao_Lu_0001	Yao_Lu_0001
Yi_Pan_0001	Yi_Pan_0001
Hong_Zhong_0001	Hong_Zhong_0001
Hui_Liu_0011	Hui_Liu_0011
Guangquan_Zhang_0001	Guangquan_Zhang_0001
Wei_Dong_0001	Wei_Dong_0001
Xiaoping_Liu_0004	Xiaoping_Liu_0004
Wei_Liang_0001	Wei_Liang_0001
Xiangyun_Zhou_0001	Xiangyun_Zhou_0001
Jingjing_Wang_0001	Jingjing_Wang_0001
Pan_Hui_0001	Pan_Hui_0001
Bo_Liu_0001	Bo_Liu_0001
Ping_Li_0006	Ping_Li_0006
Chunyi_Peng_0001	Chunyi_Peng_0001
Ruomei_Wang_0001	Ruomei_Wang_0001
Kun_Qian_0004	Kun_Qian_0004
Hua_Zhang_0002	Hua_Zhang_0002
Chin-Chen_Chang_0001	Chin-Chen_Chang_0001
Peng_Liu_0038	Peng_Liu_0038
Umapada_Pal_0001	Umapada_Pal_0001
Kai_Wu_0003	Kai_Wu_0003
Weiwei_Wu_0001	Weiwei_Wu_0001
Chun_Chen_0001	Chun_Chen_0001
Feng_Zhao_0002	Feng_Zhao_0002
Meng_Yang_0001	Meng_Yang_0001
Chen_Tian_0001	Chen_Tian_0001
Jun_Xiao_0001	Jun_Xiao_0001
Jing_Liu_0002	Jing_Liu_0002
Yichen_Wang_0002	Yichen_Wang_0002
Chen_Wang_0009	Chen_Wang_0009
Lin_Bai_0001	Lin_Bai_0001
Yang_Chen_0008	Yang_Chen_0008
Shinji_Watanabe_0001	Shinji_Watanabe_0001
Feiping_Nie_0001	Feiping_Nie_0001
Haijun_Zhang_0001	Haijun_Zhang_0001
Zhiyong_Wu_0001	Zhiyong_Wu_0001
Keqin_Li_0001	Keqin_Li_0001
Mengjie_Zhang_0001	Mengjie_Zhang_0001
Hongbo_Liu_0002	Hongbo_Liu_0002
Tian_Wang_0001	Tian_Wang_0001
Tao_Li_0001	Tao_Li_0001
Qi_Qi_0001	Qi_Qi_0001
Gang_Hua_0001	Gang_Hua_0001
Yong_Ma_0001	Yong_Ma_0001
Qiang_Song_0001	Qiang_Song_0001
Jian_Yang_0009	Jian_Yang_0009
